symptoms,disease
,acquired
  immuno-deficiency
  syndrome
Heberden's node,edema
  pulmonary
Murphy's sign,cholecystitis
Stahli's line,hemiparesis
Stahli's line,hypertension
  pulmonary
Stahli's line,transient
  ischemic attack
abdomen acute,ileus
abdominal bloating,candidiasis
abdominal tenderness,bacteremia
abdominal tenderness,candidiasis
abdominal tenderness,dementia
abdominal tenderness,diverticulitis
abdominal tenderness,hepatitis
  B
abdominal tenderness,ileus
abdominal tenderness,ketoacidosis
  diabetic
abnormal sensation,hemiparesis
abnormally
  hard consistency,fibroid
  tumor
abnormally hard consistency,cholecystitis
abortion,fibroid
  tumor
abscess bacterial,cellulitis
abscess bacterial,diverticulitis
abscess bacterial,diverticulosis
abscess bacterial,endocarditis
abscess bacterial,ileus
abscess bacterial,infection
abscess bacterial,osteomyelitis
absences finding,encephalopathy
absences finding,tonic-clonic
  epilepsy
achalasia,deglutition
  disorder
achalasia,hemorrhoids
achalasia,parkinson
  disease
ache,hepatitis
  C
ache,malignant
  neoplasm of lung
adverse reaction,candidiasis
agitation,Alzheimer's
  disease
agitation,anxiety
  state
agitation,bipolar
  disorder
agitation,confusion
agitation,delusion
agitation,delusion
agitation,dementia
agitation,dependence
agitation,depression
  mental
agitation,glaucoma
agitation,hypothyroidism
agitation,malignant
  neoplasm of lung
agitation,paranoia
agitation,parkinson
  disease
agitation,personality
  disorder
agitation,pneumothorax
agitation,psychotic
  disorder
agitation,schizophrenia
agitation,suicide
  attempt
air fluid level,ileus
alcohol binge episode,tachycardia
  sinus
alcoholic withdrawal symptoms,suicide
  attempt
ambidexterity,migraine
  disorders
ambidexterity,tonic-clonic
  epilepsy
angina
  pectoris,coronary
  arteriosclerosis
angina
  pectoris,hypertensive
  disease
angina pectoris,failure
  heart
angina pectoris,hyperlipidemia
angina pectoris,ischemia
angina pectoris,myocardial
  infarction
angina pectoris,obesity
  morbid
angina pectoris,peripheral
  vascular disease
angina pectoris,stenosis
  aortic valve
anorexia,benign
  prostatic hypertrophy
anorexia,dehydration
anorexia,diverticulitis
anorexia,diverticulosis
anorexia,hepatitis
anorexia,ischemia
anorexia,peripheral
  vascular disease
anorexia,thrombus
anosmia,neoplasm
aphagia,aphasia
aphagia,hemiparesis
apyrexial,cholelithiasis
apyrexial,chronic
  kidney failure
apyrexial,diverticulitis
apyrexial,embolism
  pulmonary
apyrexial,endocarditis
apyrexial,exanthema
apyrexial,hernia
apyrexial,ileus
apyrexial,infection
apyrexial,insufficiency
  renal
apyrexial,neutropenia
apyrexial,osteomyelitis
apyrexial,osteoporosis
apyrexial,pancreatitis
apyrexial,septicemia
apyrexial,sickle
  cell anemia
apyrexial,spasm
  bronchial
apyrexial,ulcer
  peptic
apyrexial,upper
  respiratory infection
arthralgia,anemia
arthralgia,emphysema
  pulmonary
arthralgia,exanthema
ascites,cholecystitis
ascites,cholelithiasis
ascites,cirrhosis
ascites,gout
ascites,hepatitis
ascites,hepatitis
  C
ascites,hyperglycemia
ascites,insufficiency
  renal
ascites,malignant
  neoplasms
ascites,personality
  disorder
asterixis,confusion
asterixis,encephalopathy
asterixis,hepatitis
  C
asterixis,hernia
  hiatal
asthenia,accident
  cerebrovascular
asthenia,anemia
asthenia,arthritis
asthenia,chronic
  kidney failure
asthenia,confusion
asthenia,degenerative
  polyarthritis
asthenia,deglutition
  disorder
asthenia,dehydration
asthenia,diabetes
asthenia,gastroesophageal
  reflux disease
asthenia,hemiparesis
asthenia,hernia
asthenia,hypertensive
  disease
asthenia,hypothyroidism
asthenia,incontinence
asthenia,infection
  urinary tract
asthenia,insufficiency
  renal
asthenia,kidney
  failure acute
asthenia,malignant
  neoplasm of lung
asthenia,malignant
  neoplasm of prostate
asthenia,neuropathy
asthenia,transient
  ischemic attack
asymptomatic,ischemia
asymptomatic,mitral
  valve insufficiency
ataxia,deglutition
  disorder
ataxia,lymphoma
ataxia,malignant
  neoplasm of prostate
atypia,arthritis
atypia,neoplasm
  metastasis
aura,encephalopathy
aura,epilepsy
aura,incontinence
aura,ketoacidosis
  diabetic
awakening early,colitis
awakening early,neuropathy
barking cough,upper
  respiratory infection
bedridden,Alzheimer's
  disease
bedridden,affect
  labile
bedridden,dementia
bedridden,failure
  kidney
behavior hyperactive,bipolar
  disorder
behavior hyperactive,psychotic
  disorder
behavior showing increased motor activity,emphysema
  pulmonary
blackout,anxiety
  state
blackout,benign
  prostatic hypertrophy
blackout,bipolar
  disorder
blackout,delusion
blackout,depression
  mental
blackout,effusion
  pericardial
blackout,influenza
blackout,paranoia
blackout,psychotic
  disorder
blackout,suicide
  attempt
blanch,manic
  disorder
bleeding of vagina,cirrhosis
bleeding of vagina,kidney
  disease
bowel sounds decreased,hemorrhoids
bradycardia,hyperbilirubinemia
bradycardia,hypercholesterolemia
bradycardia,ischemia
bradycardia,malignant
  tumor of colon
bradycardia,myocardial
  infarction
bradycardia,septicemia
bradycardia,stenosis
  aortic valve
bradycardia,tricuspid
  valve insufficiency
bradykinesia,osteoporosis
breakthrough pain,sickle
  cell anemia
breath
  sounds decreased,pneumonia
breath sounds decreased,chronic
  alcoholic intoxication
breath sounds decreased,endocarditis
breath sounds decreased,hypertension
  pulmonary
breath sounds decreased,insufficiency
  renal
breath sounds decreased,malignant
  neoplasm of prostate
breath-holding spell,gastroenteritis
breech presentation,adhesion
breech presentation,hyperbilirubinemia
breech presentation,septicemia
bruit,respiratory
  failure
burning
  sensation,glaucoma
burning sensation,gastroesophageal
  reflux disease
burning sensation,hemorrhoids
burning sensation,malignant
  neoplasm of breast
cachexia,Pneumocystis
  carinii pneumonia
cachexia,benign
  prostatic hypertrophy
cachexia,emphysema
  pulmonary
cachexia,primary
  carcinoma of the liver cells
cardiomegaly,deep
  vein thrombosis
cardiomegaly,effusion
  pericardial
cardiomegaly,mitral
  valve insufficiency
cardiovascular
  finding,cholecystitis
cardiovascular
  finding,pneumothorax
cardiovascular
  finding,tachycardia
  sinus
catatonia,bipolar
  disorder
catatonia,chronic
  kidney failure
catatonia,delusion
catatonia,obesity
catatonia,psychotic
  disorder
catching breath,ileus
charleyhorse,aphasia
chest
  tightness,asthma
chest
  tightness,coronary
  arteriosclerosis
chest discomfort,edema
  pulmonary
chest discomfort,hypercholesterolemia
chest discomfort,hyperlipidemia
chest discomfort,ischemia
chest discomfort,mitral
  valve insufficiency
chest discomfort,myocardial
  infarction
chest discomfort,stenosis
  aortic valve
chest tightness,bronchitis
chest tightness,chronic
  kidney failure
chest tightness,chronic
  obstructive airway disease
chest tightness,gastroesophageal
  reflux disease
chest tightness,myocardial
  infarction
chest tightness,spasm
  bronchial
chill,Pneumocystis
  carinii pneumonia
chill,acquired
  immuno-deficiency
  syndrome
chill,anemia
chill,bacteremia
chill,bronchitis
chill,candidiasis
chill,cellulitis
chill,chronic
  kidney failure
chill,colitis
chill,exanthema
chill,hepatitis
chill,hepatitis
  C
chill,infection
chill,influenza
chill,lymphatic
  diseases
chill,malignant
  neoplasms
chill,neutropenia
chill,pneumonia
chill,pyelonephritis
chill,pyelonephritis
chill,septicemia
choke,emphysema
  pulmonary
cicatrisation,adenocarcinoma
cicatrisation,embolism
  pulmonary
cicatrisation,paranoia
cicatrisation,tricuspid
  valve insufficiency
clammy skin,emphysema
  pulmonary
clammy skin,hypoglycemia
clonus,aphasia
clonus,deep
  vein thrombosis
clonus,hemiparesis
clonus,hemorrhoids
clonus,pneumonia
  aspiration
clumsiness,transient
  ischemic attack
colic abdominal,cholecystitis
colic abdominal,diverticulitis
colic abdominal,pancytopenia
consciousness clear,Alzheimer's
  disease
consciousness clear,anxiety
  state
consciousness clear,confusion
consciousness clear,encephalopathy
consciousness clear,infection
  urinary tract
consciousness clear,psychotic
  disorder
consciousness clear,respiratory
  failure
constipation,adenocarcinoma
constipation,carcinoma
constipation,cholecystitis
constipation,diverticulitis
constipation,diverticulosis
constipation,emphysema
  pulmonary
constipation,gastroesophageal
  reflux disease
constipation,ileus
constipation,malignant
  tumor of colon
coordination abnormal,emphysema
  pulmonary
cough,Alzheimer's
  disease
cough,acquired
  immuno-deficiency
  syndrome
cough,asthma
cough,bronchitis
cough,chronic
  obstructive airway disease
cough,dementia
cough,endocarditis
cough,failure
  heart congestive
cough,hemorrhoids
cough,hepatitis
  C
cough,hyperbilirubinemia
cough,infection
cough,malignant
  neoplasm of lung
cough,neutropenia
cough,obesity
  morbid
cough,paroxysmal
  dyspnea
cough,pneumonia
cough,pneumonia
  aspiration
cough,pneumothorax
cough,primary
  carcinoma of the liver cells
cough,suicide
  attempt
cough,upper
  respiratory infection
cushingoid facies,cholelithiasis
cushingoid facies,hyperbilirubinemia
cushingoid facies,hyperglycemia
cushingoid facies,malignant
  neoplasms
cushingoid facies,pancytopenia
cyanosis,hyperbilirubinemia
cyanosis,hypertension
  pulmonary
cyanosis,septicemia
cystic lesion,diverticulosis
cystic lesion,upper
  respiratory infection
debilitation,encephalopathy
debilitation,influenza
debilitation,malignant
  neoplasm of lung
decompensation,delusion
decompensation,manic
  disorder
decompensation,paranoia
decreased
  translucency,pneumonia
decreased body weight,Pneumocystis
  carinii pneumonia
decreased body weight,acquired
  immuno-deficiency
  syndrome
decreased body weight,adenocarcinoma
decreased body weight,adhesion
decreased body weight,bronchitis
decreased body weight,candidiasis
decreased body weight,carcinoma
decreased body weight,deglutition
  disorder
decreased body weight,endocarditis
decreased body weight,gastritis
decreased body weight,gastroenteritis
decreased body weight,gastroenteritis
decreased body weight,hyperglycemia
decreased body weight,lymphatic
  diseases
decreased body weight,lymphoma
decreased body weight,malignant
  neoplasm of prostate
decreased body weight,malignant
  neoplasms
decreased body weight,neoplasm
decreased body weight,primary
  carcinoma of the liver cells
decreased body weight,tonic-clonic
  epilepsy
decreased stool caliber,adenocarcinoma
decreased stool caliber,hemorrhoids
decreased translucency,bacteremia
decreased translucency,infection
decreased translucency,malignant
  neoplasm of lung
decreased translucency,malignant
  neoplasms
decreased translucency,pneumonia
  aspiration
decreased translucency,upper
  respiratory infection
diarrhea,Pneumocystis
  carinii pneumonia
diarrhea,acquired
  immuno-deficiency
  syndrome
diarrhea,bacteremia
diarrhea,candidiasis
diarrhea,carcinoma
diarrhea,cholecystitis
diarrhea,cholelithiasis
diarrhea,chronic
  kidney failure
diarrhea,dehydration
diarrhea,delirium
diarrhea,diverticulitis
diarrhea,diverticulosis
diarrhea,hemorrhoids
diarrhea,ileus
diarrhea,infection
diarrhea,insufficiency
  renal
diarrhea,ketoacidosis
  diabetic
diarrhea,kidney
  failure acute
diarrhea,malignant
  neoplasm of prostate
diarrhea,malignant
  tumor of colon
diarrhea,melanoma
diarrhea,pancreatitis
diarrhea,pneumonia
  aspiration
diarrhea,pyelonephritis
difficulty,anxiety
  state
difficulty,bipolar
  disorder
difficulty,depression
  mental
difficulty,hypothyroidism
difficulty,insufficiency
  renal
difficulty,malignant
  neoplasm of breast
difficulty,manic
  disorder
difficulty,parkinson
  disease
difficulty,suicide
  attempt
difficulty,transient
  ischemic attack
difficulty passing urine,infection
  urinary tract
difficulty passing urine,lymphoma
difficulty passing urine,osteomyelitis
disequilibrium,gastritis
distended
  abdomen,glaucoma
distended
  abdomen,osteoporosis
distended abdomen,arthritis
distended abdomen,bacteremia
distended abdomen,cirrhosis
distended abdomen,hepatitis
  C
distended abdomen,overload
  fluid
distress
  respiratory,asthma
distress
  respiratory,pneumonia
distress respiratory,benign
  prostatic hypertrophy
distress respiratory,chronic
  obstructive airway disease
distress respiratory,embolism
  pulmonary
distress respiratory,hepatitis
distress respiratory,hypoglycemia
distress respiratory,infection
  urinary tract
distress respiratory,influenza
distress respiratory,malignant
  neoplasms
distress respiratory,neutropenia
distress respiratory,septicemia
disturbed family,bipolar
  disorder
disturbed family,delusion
dizziness,anemia
dizziness,confusion
dizziness,dehydration
dizziness,gastritis
dizziness,hemorrhoids
dizziness,hyperlipidemia
dizziness,hypertensive
  disease
dizziness,migraine
  disorders
dizzy spells,malignant
  tumor of colon
drool,Alzheimer's
  disease
drowsiness,degenerative
  polyarthritis
drowsiness,delirium
drowsiness,encephalopathy
drowsiness,epilepsy
drowsiness,hemiparesis
drowsiness,hypothyroidism
drowsiness,ischemia
drowsiness,overload
  fluid
drowsiness,parkinson
  disease
drowsiness,suicide
  attempt
drowsiness,tonic-clonic
  epilepsy
dullness,diverticulitis
dullness,malignant
  neoplasms
dysarthria,accident
  cerebrovascular
dysarthria,benign
  prostatic hypertrophy
dysarthria,confusion
dysarthria,deglutition
  disorder
dysarthria,hemiparesis
dysarthria,transient
  ischemic attack
dysdiadochokinesia,deglutition
  disorder
dysesthesia,malignant
  neoplasm of prostate
dyspareunia,Pneumocystis
  carinii pneumonia
dyspnea,bronchitis
dyspnea,cardiomyopathy
dyspnea,chronic
  obstructive airway disease
dyspnea,edema
  pulmonary
dyspnea,effusion
  pericardial
dyspnea,embolism
  pulmonary
dyspnea,emphysema
  pulmonary
dyspnea,failure
  heart
dyspnea,failure
  heart congestive
dyspnea,hypercholesterolemia
dyspnea,insufficiency
  renal
dyspnea,ischemia
dyspnea,malignant
  neoplasm of breast
dyspnea,mitral
  valve insufficiency
dyspnea,myocardial
  infarction
dyspnea,obesity
  morbid
dyspnea,paroxysmal
  dyspnea
dyspnea,peripheral
  vascular disease
dyspnea,pneumothorax
dyspnea,respiratory
  failure
dyspnea,spasm
  bronchial
dyspnea,upper
  respiratory infection
dyspnea
  on exertion,coronary
  arteriosclerosis
dyspnea on exertion,Pneumocystis
  carinii pneumonia
dyspnea on exertion,cardiomyopathy
dyspnea on exertion,emphysema
  pulmonary
dyspnea on exertion,failure
  heart
dyspnea on exertion,hernia
  hiatal
dyspnea on exertion,hypertension
  pulmonary
dyspnea on exertion,mitral
  valve insufficiency
dyspnea on exertion,paroxysmal
  dyspnea
dyspnea on exertion,stenosis
  aortic valve
dysuria,diverticulitis
dysuria,infection
  urinary tract
dysuria,influenza
dysuria,malignant
  neoplasm of prostate
ecchymosis,anemia
ecchymosis,deep
  vein thrombosis
ecchymosis,dementia
ecchymosis,obesity
ecchymosis,thrombocytopaenia
egophony,adenocarcinoma
egophony,aphasia
egophony,lymphatic
  diseases
egophony,upper
  respiratory infection
elation,manic
  disorder
emphysematous change,gout
emphysematous change,malignant
  neoplasms
emphysematous change,upper
  respiratory infection
energy
  increased,depression
  mental
energy increased,bipolar
  disorder
energy increased,manic
  disorder
energy increased,paranoia
energy increased,psychotic
  disorder
enuresis,affect
  labile
enuresis,confusion
enuresis,failure
  kidney
enuresis,personality
  disorder
erythema,cellulitis
erythema,deep
  vein thrombosis
erythema,exanthema
erythema,gout
erythema,infection
erythema,malignant
  neoplasm of breast
erythema,osteomyelitis
estrogen use,hyperglycemia
estrogen use,malignant
  neoplasm of breast
excruciating pain,hernia
exhaustion,bipolar
  disorder
extrapyramidal sign,bipolar
  disorder
extrapyramidal sign,transient
  ischemic attack
extreme exhaustion,affect
  labile
extreme exhaustion,failure
  kidney
extreme exhaustion,influenza
extreme exhaustion,personality
  disorder
extreme exhaustion,pneumonia
  aspiration
facial
  paresis,accident
  cerebrovascular
facial paresis,Alzheimer's
  disease
facial paresis,aphasia
facial paresis,dementia
facial paresis,effusion
  pericardial
facial paresis,hemiparesis
facial paresis,parkinson
  disease
facial paresis,thrombus
facial paresis,transient
  ischemic attack
fall,cirrhosis
fall,confusion
fall,dementia
fall,glaucoma
fall,hypertensive
  disease
fall,hypothyroidism
fall,incontinence
fall,osteoporosis
fall,parkinson
  disease
fatigability,hernia
  hiatal
fatigability,neuropathy
fatigability,pancytopenia
fatigue,anemia
fatigue,cardiomyopathy
fatigue,failure
  heart
fatigue,failure
  kidney
fatigue,hypothyroidism
fatigue,lymphatic
  diseases
fatigue,lymphoma
fatigue,mitral
  valve insufficiency
fatigue,obesity
fatigue,pancytopenia
fatigue,suicide
  attempt
fatigue,thrombocytopaenia
fear of falling,incontinence
fecaluria,diverticulosis
feces in rectum,cholecystitis
feeling
  hopeless,depression
  mental
feeling
  suicidal,depression
  mental
feeling hopeless,affect
  labile
feeling hopeless,anxiety
  state
feeling hopeless,bipolar
  disorder
feeling hopeless,chronic
  alcoholic intoxication
feeling hopeless,delusion
feeling hopeless,dependence
feeling hopeless,diverticulosis
feeling hopeless,manic
  disorder
feeling hopeless,personality
  disorder
feeling hopeless,psychotic
  disorder
feeling strange,hyperglycemia
feeling strange,ketoacidosis
  diabetic
feeling suicidal,acquired
  immuno-deficiency
  syndrome
feeling suicidal,adhesion
feeling suicidal,anxiety
  state
feeling suicidal,bipolar
  disorder
feeling suicidal,chronic
  alcoholic intoxication
feeling suicidal,delirium
feeling suicidal,diverticulosis
feeling suicidal,hepatitis
  C
feeling suicidal,manic
  disorder
feeling suicidal,manic
  disorder
feeling suicidal,paranoia
feeling suicidal,psychotic
  disorder
feels hot/feverish,obesity
  morbid
fever,Alzheimer's
  disease
fever,acquired
  immuno-deficiency
  syndrome
fever,bacteremia
fever,bronchitis
fever,cellulitis
fever,chronic
  kidney failure
fever,colitis
fever,decubitus
  ulcer
fever,dehydration
fever,delirium
fever,dementia
fever,diverticulitis
fever,exanthema
fever,fibroid
  tumor
fever,gastroenteritis
fever,hepatitis
fever,infection
fever,infection
  urinary tract
fever,influenza
fever,kidney
  disease
fever,lymphatic
  diseases
fever,lymphoma
fever,melanoma
fever,migraine
  disorders
fever,osteomyelitis
fever,pneumonia
fever,pneumonia
  aspiration
fever,pyelonephritis
fever,pyelonephritis
fever,septicemia
fever,spasm
  bronchial
fever,suicide
  attempt
fever,thrombocytopaenia
fever,tricuspid
  valve insufficiency
fever,upper
  respiratory infection
flare,endocarditis
flatulence,adhesion
flatulence,cholecystitis
flatulence,ileus
floppy,Pneumocystis
  carinii pneumonia
flushing,bacteremia
flushing,emphysema
  pulmonary
focal seizures,hemiparesis
food
  intolerance,degenerative
  polyarthritis
food intolerance,hernia
food intolerance,malignant
  neoplasms
food intolerance,neoplasm
food intolerance,neoplasm
  metastasis
formication,anxiety
  state
formication,malignant
  neoplasm of breast
formication,suicide
  attempt
frail,Alzheimer's
  disease
frail,decubitus
  ulcer
frail,upper
  respiratory infection
fremitus,adenocarcinoma
fremitus,hemiparesis
fremitus,lymphatic
  diseases
fremitus,spasm
  bronchial
frothy sputum,stenosis
  aortic valve
gag,hernia
gasping for breath,cholecystitis
general
  discomfort,degenerative
  polyarthritis
general discomfort,carcinoma
general discomfort,gastroesophageal
  reflux disease
general discomfort,hernia
  hiatal
general discomfort,malignant
  tumor of colon
general unsteadiness,arthritis
general unsteadiness,respiratory
  failure
giddy mood,delusion
giddy mood,hyperlipidemia
gravida 0,carcinoma
gravida 0,ileus
gravida 0,kidney
  disease
gravida 0,melanoma
gravida 10,malignant
  neoplasms
green
  sputum,pneumonia
green sputum,colitis
green sputum,influenza
green sputum,sickle
  cell anemia
groggy,Alzheimer's
  disease
groggy,cholecystitis
guaiac positive,anemia
guaiac positive,chronic
  kidney failure
guaiac positive,cirrhosis
guaiac positive,gastritis
guaiac positive,hemorrhoids
guaiac positive,hernia
  hiatal
guaiac positive,insufficiency
  renal
guaiac positive,malignant
  neoplasm of prostate
gurgle,epilepsy
gurgle,ketoacidosis
  diabetic
gurgle,malignant
  neoplasm of lung
gurgle,pneumonia
  aspiration
gurgle,ulcer
  peptic
hacking cough,Pneumocystis
  carinii pneumonia
hacking cough,bronchitis
haemoptysis,bronchitis
haemoptysis,lymphoma
haemoptysis,malignant
  neoplasm of lung
haemoptysis,pneumonia
haemoptysis,pneumothorax
haemorrhage,anemia
haemorrhage,diverticulosis
haemorrhage,encephalopathy
haemorrhage,failure
  kidney
haemorrhage,fibroid
  tumor
haemorrhage,gastritis
haemorrhage,hemorrhoids
haemorrhage,hernia
haemorrhage,kidney
  failure acute
haemorrhage,pancytopenia
haemorrhage,primary
  carcinoma of the liver cells
haemorrhage,septicemia
haemorrhage,thrombocytopaenia
hallucinations
  auditory,depression
  mental
hallucinations
  visual,depression
  mental
hallucinations auditory,anxiety
  state
hallucinations auditory,bipolar
  disorder
hallucinations auditory,chronic
  alcoholic intoxication
hallucinations auditory,delirium
hallucinations auditory,delusion
hallucinations auditory,dementia
hallucinations auditory,hepatitis
  C
hallucinations auditory,manic
  disorder
hallucinations auditory,paranoia
hallucinations auditory,personality
  disorder
hallucinations auditory,psychotic
  disorder
hallucinations auditory,schizophrenia
hallucinations auditory,suicide
  attempt
hallucinations visual,adhesion
hallucinations visual,affect
  labile
hallucinations visual,anxiety
  state
hallucinations visual,bipolar
  disorder
hallucinations visual,manic
  disorder
hallucinations visual,paranoia
hallucinations visual,psychotic
  disorder
hallucinations visual,schizophrenia
has religious belief,anxiety
  state
has religious belief,bipolar
  disorder
has religious belief,emphysema
  pulmonary
has religious belief,obesity
headache,Pneumocystis
  carinii pneumonia
headache,candidiasis
headache,confusion
headache,exanthema
headache,hernia
  hiatal
headache,influenza
headache,neoplasm
headache,sickle
  cell anemia
headache,tonic-clonic
  epilepsy
headache,transient
  ischemic attack
heartburn,carcinoma
heartburn,fibroid
  tumor
heartburn,gastroesophageal
  reflux disease
heartburn,malignant
  neoplasms
heavy feeling,hepatitis
  C
heavy legs,dependence
heavy legs,hypertension
  pulmonary
hematochezia,adenocarcinoma
hematocrit decreased,embolism
  pulmonary
hematocrit decreased,obesity
  morbid
hematocrit decreased,primary
  carcinoma of the liver cells
hematuria,infection
  urinary tract
hematuria,malignant
  neoplasm of prostate
hematuria,malignant
  neoplasms
hematuria,neoplasm
hematuria,parkinson
  disease
hematuria,pyelonephritis
heme positive,anemia
heme positive,diverticulosis
heme positive,gastritis
hemianopsia homonymous,malignant
  neoplasm of prostate
hemianopsia homonymous,neoplasm
hemiplegia,accident
  cerebrovascular
hemiplegia,epilepsy
hemiplegia,hemiparesis
hemiplegia,hernia
hemiplegia,hyperlipidemia
hemiplegia,parkinson
  disease
hemiplegia,pneumonia
  aspiration
hemiplegia,respiratory
  failure
hemiplegia,spasm
  bronchial
hemiplegia,ulcer
  peptic
hemodynamically stable,arthritis
hemodynamically stable,cirrhosis
hemodynamically stable,colitis
hemodynamically stable,effusion
  pericardial
hemodynamically stable,infection
  urinary tract
hemodynamically stable,kidney
  failure acute
hemodynamically stable,malignant
  neoplasm of prostate
hemodynamically stable,thrombus
hemodynamically stable,upper
  respiratory infection
hepatomegaly,lymphatic
  diseases
hepatomegaly,primary
  carcinoma of the liver cells
hepatosplenomegaly,bronchitis
hepatosplenomegaly,infection
hepatosplenomegaly,sickle
  cell anemia
hirsutism,osteoporosis
hirsutism,tonic-clonic
  epilepsy
hoard,chronic
  alcoholic intoxication
hoarseness,carcinoma
hoarseness,deglutition
  disorder
hoarseness,malignant
  neoplasms
homelessness,bipolar
  disorder
homelessness,chronic
  alcoholic intoxication
homelessness,dependence
homelessness,depression
  mental
homelessness,paranoia
homelessness,personality
  disorder
homelessness,psychotic
  disorder
homelessness,schizophrenia
homicidal thoughts,delusion
hot flush,anxiety
  state
hot flush,gout
hunger,hemorrhoids
hunger,ulcer
  peptic
hydropneumothorax,lymphoma
hydropneumothorax,neuropathy
hyperacusis,cellulitis
hyperacusis,lymphatic
  diseases
hypercapnia,chronic
  obstructive airway disease
hypercapnia,emphysema
  pulmonary
hypercapnia,pneumothorax
hyperemesis,malignant
  tumor of colon
hyperhidrosis disorder,bipolar
  disorder
hyperkalemia,Alzheimer's
  disease
hyperkalemia,chronic
  kidney failure
hyperkalemia,edema
  pulmonary
hyperkalemia,insufficiency
  renal
hyperkalemia,kidney
  disease
hyperkalemia,kidney
  failure acute
hyperkalemia,overload
  fluid
hyperkalemia,peripheral
  vascular disease
hyperkalemia,respiratory
  failure
hypersomnia,bipolar
  disorder
hypersomnia,manic
  disorder
hypersomnolence,schizophrenia
hypertonicity,thrombus
hyperventilation,hernia
hypesthesia,cellulitis
hypoalbuminemia,bacteremia
hypoalbuminemia,thrombus
hypocalcemia result,kidney
  failure acute
hypocalcemia result,neutropenia
hypokalemia,Pneumocystis
  carinii pneumonia
hypokalemia,overload
  fluid
hypokinesia,cardiomyopathy
hypokinesia,coronary
  arteriosclerosis
hypokinesia,encephalopathy
hypokinesia,endocarditis
hypokinesia,failure
  heart
hypokinesia,gout
hypokinesia,hyperlipidemia
hypokinesia,insufficiency
  renal
hypokinesia,mitral
  valve insufficiency
hypokinesia,myocardial
  infarction
hypokinesia,respiratory
  failure
hypokinesia,thrombus
hypometabolism,epilepsy
hyponatremia,anemia
hyponatremia,confusion
hyponatremia,delirium
hyponatremia,gastroenteritis
hyponatremia,gastroesophageal
  reflux disease
hyponatremia,glaucoma
hyponatremia,hemorrhoids
hyponatremia,hernia
  hiatal
hyponatremia,hypothyroidism
hyponatremia,infection
  urinary tract
hypoproteinemia,pancytopenia
hypotension,deep
  vein thrombosis
hypotension,dehydration
hypotension,edema
  pulmonary
hypotension,effusion
  pericardial
hypotension,endocarditis
hypotension,failure
  heart
hypotension,failure
  kidney
hypotension,hypertension
  pulmonary
hypotension,hypoglycemia
hypotension,hypothyroidism
hypotension,insufficiency
  renal
hypotension,kidney
  failure acute
hypotension,malignant
  neoplasms
hypotension,overload
  fluid
hypotension,septicemia
hypotension,thrombocytopaenia
hypothermia, natural,hypoglycemia
hypothermia, natural,kidney
  failure acute
hypothermia, natural,obesity
  morbid
hypothermia, natural,primary
  carcinoma of the liver cells
hypoxemia,chronic
  obstructive airway disease
hypoxemia,embolism
  pulmonary
hypoxemia,obesity
  morbid
hypoxemia,spasm
  bronchial
immobile,adhesion
impaired cognition,delusion
impaired cognition,tricuspid
  valve insufficiency
inappropriate affect,hepatitis
  B
incoherent,hypoglycemia
indifferent mood,bacteremia
indifferent mood,primary
  carcinoma of the liver cells
indifferent mood,upper
  respiratory infection
intermenstrual heavy bleeding,fibroid
  tumor
intoxication,bipolar
  disorder
intoxication,dependence
intoxication,depression
  mental
intoxication,effusion
  pericardial
intoxication,gastritis
intoxication,psychotic
  disorder
irritable
  mood,depression
  mental
irritable mood,anxiety
  state
irritable mood,bipolar
  disorder
irritable mood,chronic
  alcoholic intoxication
irritable mood,delusion
irritable mood,delusion
irritable mood,malignant
  neoplasm of lung
irritable mood,paranoia
irritable mood,personality
  disorder
irritable mood,psychotic
  disorder
irritable mood,schizophrenia
irritable mood,suicide
  attempt
jugular
  venous distention,failure
  heart congestive
jugular venous distention,cardiomyopathy
jugular venous distention,chronic
  kidney failure
jugular venous distention,edema
  pulmonary
jugular venous distention,failure
  heart
jugular venous distention,overload
  fluid
jugular venous distention,paroxysmal
  dyspnea
labored breathing,bronchitis
labored breathing,diabetes
labored breathing,obesity
  morbid
labored breathing,peripheral
  vascular disease
labored breathing,upper
  respiratory infection
lameness,hypoglycemia
large-for-dates fetus,adhesion
left atrial hypertrophy,cardiomyopathy
left atrial hypertrophy,hypertension
  pulmonary
left atrial hypertrophy,mitral
  valve insufficiency
left atrial hypertrophy,tachycardia
  sinus
lesion,adenocarcinoma
lesion,carcinoma
lesion,cirrhosis
lesion,deglutition
  disorder
lesion,exanthema
lesion,glaucoma
lesion,lymphatic
  diseases
lesion,lymphoma
lesion,malignant
  neoplasm of breast
lesion,malignant
  neoplasm of lung
lesion,malignant
  neoplasms
lesion,malignant
  neoplasms
lesion,malignant
  tumor of colon
lesion,neoplasm
lesion,neutropenia
lesion,primary
  carcinoma of the liver cells
lesion,respiratory
  failure
lethargy,confusion
lethargy,dehydration
lethargy,dementia
lethargy,dependence
lethargy,epilepsy
lethargy,infection
  urinary tract
lethargy,septicemia
lightheadedness,confusion
lightheadedness,dehydration
lightheadedness,diverticulosis
lightheadedness,osteoporosis
lightheadedness,transient
  ischemic attack
lip smacking,influenza
lip smacking,tonic-clonic
  epilepsy
loose associations,bipolar
  disorder
loose associations,delusion
loose associations,paranoia
low back pain,aphasia
lung nodule,adhesion
lung nodule,carcinoma
lung nodule,malignant
  neoplasm of lung
lung nodule,neoplasm
  metastasis
macerated skin,hepatitis
  C
macule,exanthema
malaise,chronic
  kidney failure
malaise,influenza
malaise,pneumonia
mass in breast,malignant
  neoplasm of breast
mass in breast,melanoma
mass of body structure,adenocarcinoma
mass of body structure,carcinoma
mass of body structure,gastroenteritis
mass of body structure,glaucoma
mass of body structure,hernia
mass of body structure,hypothyroidism
mass of body structure,ileus
mass of body structure,lymphatic
  diseases
mass of body structure,malignant
  neoplasm of breast
mass of body structure,malignant
  neoplasm of prostate
mass of body structure,malignant
  neoplasms
mass of body structure,malignant
  neoplasms
mass of body structure,melanoma
mass of body structure,neoplasm
mass of body structure,neoplasm
  metastasis
mass of body structure,parkinson
  disease
mass of body structure,primary
  carcinoma of the liver cells
mediastinal shift,pneumonia
  aspiration
mediastinal shift,tricuspid
  valve insufficiency
mental
  status changes,diabetes
mental status changes,benign
  prostatic hypertrophy
mental status changes,chronic
  kidney failure
mental status changes,confusion
mental status changes,dehydration
mental status changes,hypothyroidism
mental status changes,infection
  urinary tract
mental status changes,insufficiency
  renal
mental status changes,pneumonia
  aspiration
metastatic lesion,carcinoma
metastatic lesion,endocarditis
metastatic lesion,malignant
  neoplasm of lung
metastatic lesion,neoplasm
metastatic lesion,neoplasm
  metastasis
milky,ketoacidosis
  diabetic
moan,cholecystitis
moan,emphysema
  pulmonary
moan,hepatitis
  B
monoclonal,anemia
monoclonal,diverticulitis
monoclonal,neutropenia
monocytosis,thrombocytopaenia
mood
  depressed,depression
  mental
mood depressed,anxiety
  state
mood depressed,hyperglycemia
mood depressed,obesity
mood depressed,paranoia
mood depressed,personality
  disorder
mood depressed,psychotic
  disorder
moody,incontinence
moody,tonic-clonic
  epilepsy
motor
  retardation,depression
  mental
motor retardation,bipolar
  disorder
motor retardation,hypothyroidism
motor retardation,psychotic
  disorder
motor retardation,suicide
  attempt
muscle hypotonia,acquired
  immuno-deficiency
  syndrome
muscle hypotonia,fibroid
  tumor
muscle twitch,Alzheimer's
  disease
muscle twitch,aphasia
muscle twitch,confusion
muscle twitch,dependence
muscle twitch,epilepsy
muscle twitch,tonic-clonic
  epilepsy
myalgia,Pneumocystis
  carinii pneumonia
myalgia,emphysema
  pulmonary
myalgia,endocarditis
myalgia,gastroenteritis
myalgia,hernia
  hiatal
myalgia,hyperbilirubinemia
myalgia,pyelonephritis
mydriasis,bipolar
  disorder
myoclonus,epilepsy
myoclonus,tonic-clonic
  epilepsy
nasal discharge present,upper
  respiratory infection
nasal flaring,influenza
nausea,carcinoma
nausea,cholecystitis
nausea,cholelithiasis
nausea,chronic
  kidney failure
nausea,colitis
nausea,dehydration
nausea,diabetes
nausea,diverticulosis
nausea,gastritis
nausea,gastroenteritis
nausea,gastroesophageal
  reflux disease
nausea,hernia
nausea,hernia
  hiatal
nausea,hypertensive
  disease
nausea,ileus
nausea,ketoacidosis
  diabetic
nausea,malignant
  tumor of colon
nausea,migraine
  disorders
nausea,pancreatitis
nausea,pyelonephritis
nausea,tricuspid
  valve insufficiency
nausea,ulcer
  peptic
nausea and vomiting,colitis
nausea and vomiting,hemorrhoids
nausea and vomiting,neuropathy
nausea and vomiting,personality
  disorder
neck stiffness,Pneumocystis
  carinii pneumonia
neck stiffness,embolism
  pulmonary
neck stiffness,hypertension
  pulmonary
neck stiffness,transient
  ischemic attack
neologism,chronic
  alcoholic intoxication
neologism,delusion
neologism,paranoia
nervousness,anxiety
  state
nervousness,ketoacidosis
  diabetic
nervousness,personality
  disorder
nervousness,ulcer
  peptic
night
  sweat,pneumonia
night sweat,acquired
  immuno-deficiency
  syndrome
night sweat,benign
  prostatic hypertrophy
night sweat,bronchitis
night sweat,candidiasis
night sweat,emphysema
  pulmonary
night sweat,endocarditis
night sweat,lymphatic
  diseases
night sweat,malignant
  neoplasm of lung
night sweat,malignant
  neoplasms
night sweat,neoplasm
night sweat,neutropenia
night sweat,parkinson
  disease
night sweat,upper
  respiratory infection
nightmare,Alzheimer's
  disease
nightmare,anxiety
  state
nightmare,depression
  mental
nightmare,hypothyroidism
nightmare,personality
  disorder
nightmare,psychotic
  disorder
no known drug allergies,spasm
  bronchial
no status change,failure
  kidney
noisy respiration,upper
  respiratory infection
non-productive
  cough,asthma
non-productive
  cough,degenerative
  polyarthritis
non-productive
  cough,pneumonia
non-productive cough,Pneumocystis
  carinii pneumonia
non-productive cough,candidiasis
non-productive cough,carcinoma
non-productive cough,deep
  vein thrombosis
non-productive cough,embolism
  pulmonary
non-productive cough,lymphatic
  diseases
non-productive cough,upper
  respiratory infection
nonsmoker,degenerative
  polyarthritis
nonsmoker,hypercholesterolemia
numbness,accident
  cerebrovascular
numbness,hypercholesterolemia
numbness,hypothyroidism
numbness,migraine
  disorders
numbness,neuropathy
numbness,transient
  ischemic attack
numbness
  of hand,degenerative
  polyarthritis
numbness
  of hand,osteoporosis
numbness of hand,hemorrhoids
numbness of hand,hernia
  hiatal
oliguria,chronic
  kidney failure
oliguria,effusion
  pericardial
oliguria,failure
  kidney
oliguria,kidney
  failure acute
oliguria,neutropenia
orthopnea,benign
  prostatic hypertrophy
orthopnea,cardiomyopathy
orthopnea,chronic
  kidney failure
orthopnea,coronary
  arteriosclerosis
orthopnea,diabetes
orthopnea,edema
  pulmonary
orthopnea,endocarditis
orthopnea,failure
  heart
orthopnea,failure
  heart congestive
orthopnea,failure
  kidney
orthopnea,insufficiency
  renal
orthopnea,myocardial
  infarction
orthopnea,overload
  fluid
orthopnea,paroxysmal
  dyspnea
orthostasis,anemia
orthostasis,benign
  prostatic hypertrophy
orthostasis,malignant
  neoplasm of prostate
orthostasis,parkinson
  disease
orthostasis,tachycardia
  sinus
out
  of breath,osteoporosis
out of breath,obesity
  morbid
out of breath,ulcer
  peptic
overweight,obesity
pain,adenocarcinoma
pain,adhesion
pain,anemia
pain,anxiety
  state
pain,arthritis
pain,carcinoma
pain,cellulitis
pain,cholecystitis
pain,cholelithiasis
pain,colitis
pain,deep
  vein thrombosis
pain,degenerative
  polyarthritis
pain,dementia
pain,diverticulitis
pain,diverticulosis
pain,effusion
  pericardial
pain,exanthema
pain,gastritis
pain,gastroesophageal
  reflux disease
pain,gout
pain,hemorrhoids
pain,hernia
pain,hypercholesterolemia
pain,infection
pain,lymphatic
  diseases
pain,malignant
  neoplasms
pain,melanoma
pain,mitral
  valve insufficiency
pain,neoplasm
pain,neoplasm
  metastasis
pain,neuropathy
pain,obesity
pain,osteomyelitis
pain,osteoporosis
pain,pancreatitis
pain,pneumonia
  aspiration
pain,pyelonephritis
pain,sickle
  cell anemia
pain,spasm
  bronchial
pain,stenosis
  aortic valve
pain,tricuspid
  valve insufficiency
pain
  chest,coronary
  arteriosclerosis
pain
  chest,diabetes
pain
  chest,hypertensive
  disease
pain abdominal,adenocarcinoma
pain abdominal,cholecystitis
pain abdominal,cholelithiasis
pain abdominal,cirrhosis
pain abdominal,colitis
pain abdominal,diverticulitis
pain abdominal,gastritis
pain abdominal,gastroenteritis
pain abdominal,gastroesophageal
  reflux disease
pain abdominal,hepatitis
pain abdominal,hepatitis
  B
pain abdominal,hernia
pain abdominal,hernia
  hiatal
pain abdominal,ileus
pain abdominal,ketoacidosis
  diabetic
pain abdominal,malignant
  neoplasms
pain abdominal,malignant
  tumor of colon
pain abdominal,neoplasm
pain abdominal,neoplasm
  metastasis
pain abdominal,pancreatitis
pain abdominal,pneumonia
  aspiration
pain abdominal,primary
  carcinoma of the liver cells
pain abdominal,pyelonephritis
pain abdominal,sickle
  cell anemia
pain abdominal,tachycardia
  sinus
pain abdominal,tricuspid
  valve insufficiency
pain abdominal,ulcer
  peptic
pain back,anemia
pain back,sickle
  cell anemia
pain chest,anxiety
  state
pain chest,cardiomyopathy
pain chest,cellulitis
pain chest,edema
  pulmonary
pain chest,embolism
  pulmonary
pain chest,gastroesophageal
  reflux disease
pain chest,hypercholesterolemia
pain chest,hyperlipidemia
pain chest,ischemia
pain chest,kidney
  disease
pain chest,myocardial
  infarction
pain chest,neoplasm
pain chest,obesity
pain chest,paroxysmal
  dyspnea
pain chest,sickle
  cell anemia
pain chest,stenosis
  aortic valve
pain chest,ulcer
  peptic
pain foot,osteomyelitis
pain in lower limb,deep
  vein thrombosis
pain neck,neoplasm
  metastasis
painful swallowing,candidiasis
painful swallowing,deglutition
  disorder
painful swallowing,emphysema
  pulmonary
painful swallowing,exanthema
pallor,anemia
pallor,bacteremia
palpitation,anxiety
  state
palpitation,cardiomyopathy
palpitation,cholelithiasis
palpitation,gastroesophageal
  reflux disease
palpitation,hyperlipidemia
palpitation,hypertensive
  disease
palpitation,mitral
  valve insufficiency
palpitation,myocardial
  infarction
palpitation,paroxysmal
  dyspnea
panic,chronic
  alcoholic intoxication
pansystolic murmur,failure
  heart
para 1,adhesion
para 1,hyperbilirubinemia
para 2,fibroid
  tumor
paralyse,aphasia
paralyse,hemiparesis
paraparesis,incontinence
paraparesis,melanoma
paraparesis,ulcer
  peptic
paresis,hemiparesis
paresis,malignant
  neoplasm of prostate
paresis,primary
  carcinoma of the liver cells
paresthesia,carcinoma
paresthesia,deglutition
  disorder
paresthesia,glaucoma
paresthesia,malignant
  neoplasm of breast
passed stones,malignant
  neoplasm of prostate
patient non compliance,acquired
  immuno-deficiency
  syndrome
patient non compliance,affect
  labile
patient non compliance,anxiety
  state
patient non compliance,candidiasis
patient non compliance,cardiomyopathy
patient non compliance,cellulitis
patient non compliance,chronic
  obstructive airway disease
patient non compliance,edema
  pulmonary
patient non compliance,gout
patient non compliance,hepatitis
  C
patient non compliance,psychotic
  disorder
patient non compliance,schizophrenia
pericardial friction rub,effusion
  pericardial
phonophobia,tonic-clonic
  epilepsy
photophobia,candidiasis
photophobia,exanthema
photophobia,hernia
  hiatal
photopsia,hyperlipidemia
pin-point pupils,Alzheimer's
  disease
pleuritic
  pain,asthma
pleuritic
  pain,pneumonia
pleuritic pain,acquired
  immuno-deficiency
  syndrome
pleuritic pain,bacteremia
pleuritic pain,chronic
  kidney failure
pleuritic pain,embolism
  pulmonary
pleuritic pain,endocarditis
pleuritic pain,influenza
pleuritic pain,malignant
  neoplasm of prostate
pleuritic pain,upper
  respiratory infection
pneumatouria,diverticulosis
polydypsia,degenerative
  polyarthritis
polydypsia,diabetes
polydypsia,lymphoma
polydypsia,malignant
  tumor of colon
polymyalgia,malignant
  neoplasm of prostate
polymyalgia,ulcer
  peptic
polymyalgia,upper
  respiratory infection
polyuria,diabetes
polyuria,hypoglycemia
polyuria,hypothyroidism
polyuria,ketoacidosis
  diabetic
poor dentition,Pneumocystis
  carinii pneumonia
poor dentition,candidiasis
poor feeding,hepatitis
  B
posterior rhinorrhea,thrombocytopaenia
posturing,encephalopathy
posturing,hernia
presence of q wave,gastroesophageal
  reflux disease
presence of q wave,hyperlipidemia
presence of q wave,myocardial
  infarction
pressure
  chest,coronary
  arteriosclerosis
pressure
  chest,hypertensive
  disease
pressure chest,hypercholesterolemia
pressure chest,ischemia
pressure chest,myocardial
  infarction
pressure chest,tachycardia
  sinus
previous pregnancies 2,fibroid
  tumor
primigravida,fibroid
  tumor
prodrome,hernia
  hiatal
productive
  cough,asthma
productive
  cough,pneumonia
productive cough,Pneumocystis
  carinii pneumonia
productive cough,acquired
  immuno-deficiency
  syndrome
productive cough,bronchitis
productive cough,embolism
  pulmonary
productive cough,respiratory
  failure
productive cough,spasm
  bronchial
productive cough,upper
  respiratory infection
projectile vomiting,diverticulosis
projectile vomiting,hepatitis
projectile vomiting,hepatitis
  B
prostate tender,osteomyelitis
prostatism,affect
  labile
prostatism,bacteremia
prostatism,dependence
prostatism,failure
  kidney
prostatism,hypothyroidism
prostatism,malignant
  tumor of colon
prostatism,osteoporosis
prostatism,pneumothorax
proteinemia,fibroid
  tumor
pruritus,cellulitis
pruritus,cirrhosis
pruritus,exanthema
pruritus,hepatitis
pruritus,hyperglycemia
pruritus,infection
pruritus,melanoma
pruritus,personality
  disorder
pruritus,thrombocytopaenia
pruritus,thrombus
pulse absent,hernia
pulsus paradoxus,endocarditis
pulsus paradoxus,malignant
  neoplasms
pustule,bacteremia
pustule,hyperglycemia
qt interval prolonged,cholecystitis
qt interval prolonged,hypoglycemia
qt interval prolonged,malignant
  neoplasm of prostate
r wave feature,obesity
rale,cardiomyopathy
rale,chronic
  kidney failure
rale,deep
  vein thrombosis
rale,dementia
rale,dependence
rale,diabetes
rale,edema
  pulmonary
rale,emphysema
  pulmonary
rale,failure
  heart congestive
rale,insufficiency
  renal
rale,ischemia
rale,malignant
  neoplasm of lung
rale,malignant
  neoplasm of prostate
rale,myocardial
  infarction
rale,overload
  fluid
rale,paroxysmal
  dyspnea
rale,pneumonia
rale,septicemia
rambling speech,transient
  ischemic attack
rapid shallow breathing,upper
  respiratory infection
red blotches,diverticulitis
redness,cellulitis
redness,deep
  vein thrombosis
redness,exanthema
redness,gout
redness,lymphatic
  diseases
redness,osteomyelitis
redness,respiratory
  failure
regurgitates after swallowing,ketoacidosis
  diabetic
renal angle tenderness,infection
  urinary tract
renal angle tenderness,obesity
  morbid
rest pain,peripheral
  vascular disease
retch,gastroenteritis
retropulsion,malignant
  neoplasm of breast
rhd positive,neutropenia
rhonchus,Alzheimer's
  disease
rhonchus,anemia
rhonchus,dementia
rhonchus,malignant
  neoplasm of prostate
rhonchus,pneumonia
rhonchus,spasm
  bronchial
rhonchus,upper
  respiratory infection
rigor - temperature-associated observation,pancreatitis
rolling of eyes,tonic-clonic
  epilepsy
room spinning,emphysema
  pulmonary
room spinning,primary
  carcinoma of the liver cells
room spinning,transient
  ischemic attack
satiety early,adenocarcinoma
satiety early,gastroesophageal
  reflux disease
satiety early,neoplasm
scar tissue,emphysema
  pulmonary
scar tissue,spasm
  bronchial
scar tissue,tachycardia
  sinus
sciatica,stenosis
  aortic valve
scleral icterus,gastroenteritis
scleral icterus,influenza
scratch marks,cellulitis
scratch marks,exanthema
scratch marks,personality
  disorder
sedentary,obesity
  morbid
seizure,accident
  cerebrovascular
seizure,chronic
  alcoholic intoxication
seizure,confusion
seizure,dependence
seizure,epilepsy
seizure,hemiparesis
seizure,hyperglycemia
seizure,incontinence
seizure,ketoacidosis
  diabetic
seizure,pneumonia
  aspiration
sensory discomfort,dehydration
sensory discomfort,gastroesophageal
  reflux disease
sensory discomfort,spasm
  bronchial
sensory discomfort,suicide
  attempt
shooting pain,malignant
  tumor of colon
shortness
  of breath,asthma
shortness
  of breath,coronary
  arteriosclerosis
shortness
  of breath,diabetes
shortness
  of breath,failure
  heart congestive
shortness
  of breath,hypertensive
  disease
shortness
  of breath,pneumonia
shortness of breath,adhesion
shortness of breath,anemia
shortness of breath,arthritis
shortness of breath,bronchitis
shortness of breath,cardiomyopathy
shortness of breath,chronic
  alcoholic intoxication
shortness of breath,chronic
  kidney failure
shortness of breath,chronic
  obstructive airway disease
shortness of breath,deep
  vein thrombosis
shortness of breath,edema
  pulmonary
shortness of breath,effusion
  pericardial
shortness of breath,embolism
  pulmonary
shortness of breath,endocarditis
shortness of breath,failure
  heart
shortness of breath,failure
  kidney
shortness of breath,fibroid
  tumor
shortness of breath,hypercholesterolemia
shortness of breath,hyperlipidemia
shortness of breath,hypertension
  pulmonary
shortness of breath,hypothyroidism
shortness of breath,influenza
shortness of breath,insufficiency
  renal
shortness of breath,ischemia
shortness of breath,kidney
  disease
shortness of breath,malignant
  neoplasm of lung
shortness of breath,mitral
  valve insufficiency
shortness of breath,myocardial
  infarction
shortness of breath,obesity
shortness of breath,overload
  fluid
shortness of breath,paroxysmal
  dyspnea
shortness of breath,peripheral
  vascular disease
shortness of breath,primary
  carcinoma of the liver cells
shortness of breath,respiratory
  failure
shortness of breath,sickle
  cell anemia
shortness of breath,spasm
  bronchial
shortness of breath,stenosis
  aortic valve
shortness of breath,tachycardia
  sinus
shortness of breath,thrombus
shortness of breath,tricuspid
  valve insufficiency
shortness of breath,upper
  respiratory infection
side pain,deglutition
  disorder
side pain,personality
  disorder
sinus rhythm,cholecystitis
sinus rhythm,diverticulitis
sinus rhythm,edema
  pulmonary
sinus rhythm,ischemia
sinus rhythm,peripheral
  vascular disease
sinus rhythm,respiratory
  failure
sleeplessness,affect
  labile
sleeplessness,anxiety
  state
sleeplessness,arthritis
sleeplessness,bipolar
  disorder
sleeplessness,chronic
  alcoholic intoxication
sleeplessness,delusion
sleeplessness,depression
  mental
sleeplessness,personality
  disorder
sleeplessness,psychotic
  disorder
sleeplessness,suicide
  attempt
sleepy,confusion
sleepy,epilepsy
sleepy,peripheral
  vascular disease
sleepy,tonic-clonic
  epilepsy
slowing of urinary stream,failure
  kidney
slowing of urinary stream,neuropathy
sneeze,influenza
sniffle,osteoporosis
snore,influenza
snore,obesity
snore,respiratory
  failure
snuffle,bronchitis
snuffle,influenza
snuffle,neutropenia
snuffle,sickle
  cell anemia
snuffle,upper
  respiratory infection
soft tissue swelling,pneumothorax
sore to touch,carcinoma
sore to touch,cellulitis
sore to touch,cholelithiasis
sore to touch,cirrhosis
sore to touch,diverticulitis
sore to touch,gastritis
sore to touch,gastroenteritis
sore to touch,gout
sore to touch,hernia
sore to touch,hernia
  hiatal
sore to touch,hyperglycemia
sore to touch,ileus
sore to touch,osteomyelitis
sore to touch,pancreatitis
sore to touch,peripheral
  vascular disease
sore to touch,thrombus
spasm,deglutition
  disorder
spasm,incontinence
spasm,tonic-clonic
  epilepsy
speech
  slurred,accident
  cerebrovascular
speech slurred,confusion
speech slurred,hemiparesis
speech slurred,hypothyroidism
speech slurred,transient
  ischemic attack
splenomegaly,cirrhosis
splenomegaly,lymphatic
  diseases
splenomegaly,migraine
  disorders
splenomegaly,neutropenia
splenomegaly,primary
  carcinoma of the liver cells
spontaneous rupture of membranes,Pneumocystis
  carinii pneumonia
spontaneous rupture of membranes,acquired
  immuno-deficiency
  syndrome
spontaneous rupture of membranes,hepatitis
spontaneous rupture of membranes,septicemia
sputum purulent,chronic
  obstructive airway disease
sputum purulent,effusion
  pericardial
st segment depression,hypercholesterolemia
st segment depression,myocardial
  infarction
st segment elevation,myocardial
  infarction
stiffness,degenerative
  polyarthritis
stiffness,deglutition
  disorder
stiffness,incontinence
stiffness,parkinson
  disease
stinging sensation,hemiparesis
stool color yellow,pancreatitis
stool color yellow,pancytopenia
stool color yellow,thrombus
stridor,bronchitis
stridor,deglutition
  disorder
stuffy nose,dependence
stuffy nose,upper
  respiratory infection
stupor,hemiparesis
stupor,pneumonia
  aspiration
stupor,primary
  carcinoma of the liver cells
suicidal,anxiety
  state
suicidal,bipolar
  disorder
suicidal,chronic
  alcoholic intoxication
suicidal,delirium
suicidal,delusion
suicidal,dependence
suicidal,depression
  mental
suicidal,manic
  disorder
suicidal,manic
  disorder
suicidal,paranoia
suicidal,psychotic
  disorder
suicidal,schizophrenia
suicidal,suicide
  attempt
superimposition,lymphoma
superimposition,neuropathy
sweat,coronary
  arteriosclerosis
sweat,diabetes
sweat,edema
  pulmonary
sweat,gastroesophageal
  reflux disease
sweat,hypercholesterolemia
sweat,hyperlipidemia
sweat,hypertensive
  disease
sweat,ischemia
sweat,myocardial
  infarction
sweat,paroxysmal
  dyspnea
sweat,tachycardia
  sinus
swelling,anemia
swelling,arthritis
swelling,cellulitis
swelling,chronic
  kidney failure
swelling,deep
  vein thrombosis
swelling,exanthema
swelling,gout
swelling,infection
swelling,insufficiency
  renal
swelling,lymphatic
  diseases
swelling,malignant
  neoplasm of breast
swelling,osteomyelitis
swelling,overload
  fluid
symptom
  aggravating factors,asthma
symptom aggravating factors,emphysema
  pulmonary
symptom aggravating factors,influenza
symptom aggravating factors,upper
  respiratory infection
syncope,arthritis
syncope,cardiomyopathy
syncope,dehydration
syncope,dehydration
syncope,dementia
syncope,hypercholesterolemia
syncope,hypertensive
  disease
syncope,hypothyroidism
syncope,incontinence
syncope,mitral
  valve insufficiency
syncope,myocardial
  infarction
syncope,osteoporosis
syncope,parkinson
  disease
syncope,stenosis
  aortic valve
syncope,transient
  ischemic attack
systolic ejection murmur,failure
  heart
systolic ejection murmur,malignant
  tumor of colon
systolic murmur,decubitus
  ulcer
systolic murmur,obesity
systolic murmur,stenosis
  aortic valve
t wave inverted,hypercholesterolemia
t wave inverted,myocardial
  infarction
t wave inverted,tachycardia
  sinus
tachypnea,acquired
  immuno-deficiency
  syndrome
tachypnea,edema
  pulmonary
tachypnea,embolism
  pulmonary
tachypnea,hepatitis
tachypnea,hepatitis
  B
tachypnea,hyperbilirubinemia
tachypnea,pneumonia
tachypnea,respiratory
  failure
tachypnea,septicemia
tachypnea,spasm
  bronchial
tachypnea,thrombocytopaenia
tenesmus,colitis
tenesmus,emphysema
  pulmonary
tenesmus,neuropathy
terrify,delusion
terrify,paranoia
terrify,psychotic
  disorder
thicken,carcinoma
thicken,cholelithiasis
thicken,colitis
thicken,diverticulitis
thicken,encephalopathy
thicken,endocarditis
thicken,hernia
thicken,ileus
thicken,malignant
  neoplasms
thicken,malignant
  neoplasms
thicken,mitral
  valve insufficiency
thicken,neoplasm
thicken,neoplasm
  metastasis
thicken,primary
  carcinoma of the liver cells
throat sore,bronchitis
throat sore,candidiasis
throat sore,influenza
throat sore,spasm
  bronchial
throat sore,upper
  respiratory infection
throbbing sensation quality,gastroesophageal
  reflux disease
tinnitus,lymphoma
titubation,deglutition
  disorder
todd paralysis,suicide
  attempt
tonic seizures,encephalopathy
transaminitis,Pneumocystis
  carinii pneumonia
transaminitis,anemia
transaminitis,candidiasis
transaminitis,hepatitis
transaminitis,lymphoma
transaminitis,neutropenia
transaminitis,pneumonia
  aspiration
transsexual,personality
  disorder
tremor,Alzheimer's
  disease
tremor,anxiety
  state
tremor,bipolar
  disorder
tremor,chronic
  alcoholic intoxication
tremor,confusion
tremor,dependence
tremor,depression
  mental
tremor,epilepsy
tremor,incontinence
tremor,parkinson
  disease
tremor,psychotic
  disorder
tremor,suicide
  attempt
tremor,tonic-clonic
  epilepsy
tremor resting,Alzheimer's
  disease
tumor cell invasion,anemia
tumor cell invasion,carcinoma
tumor cell invasion,cirrhosis
tumor cell invasion,malignant
  neoplasm of prostate
tumor cell invasion,neoplasm
tumor cell invasion,neoplasm
  metastasis
tumor cell invasion,primary
  carcinoma of the liver cells
tumor cell invasion,tonic-clonic
  epilepsy
unable
  to concentrate,depression
  mental
unable to concentrate,suicide
  attempt
unconscious
  state,glaucoma
unconscious state,chronic
  alcoholic intoxication
unconscious state,confusion
unconscious state,dementia
unconscious state,hypoglycemia
unconscious state,incontinence
unconscious state,suicide
  attempt
uncoordination,encephalopathy
uncoordination,influenza
underweight,schizophrenia
unhappy,carcinoma
unhappy,incontinence
unhappy,obesity
  morbid
unresponsiveness,accident
  cerebrovascular
unresponsiveness,bacteremia
unresponsiveness,chronic
  kidney failure
unresponsiveness,confusion
unresponsiveness,delirium
unresponsiveness,dementia
unresponsiveness,diabetes
unresponsiveness,embolism
  pulmonary
unresponsiveness,encephalopathy
unresponsiveness,epilepsy
unresponsiveness,failure
  kidney
unresponsiveness,hemiparesis
unresponsiveness,hypoglycemia
unresponsiveness,incontinence
unresponsiveness,kidney
  failure acute
unresponsiveness,parkinson
  disease
unresponsiveness,peripheral
  vascular disease
unresponsiveness,pneumonia
  aspiration
unresponsiveness,respiratory
  failure
unresponsiveness,septicemia
unresponsiveness,suicide
  attempt
unresponsiveness,tonic-clonic
  epilepsy
unsteady
  gait,degenerative
  polyarthritis
unsteady
  gait,glaucoma
unsteady gait,adhesion
unsteady gait,delirium
unsteady gait,dementia
unsteady gait,diverticulitis
unsteady gait,hypothyroidism
unwell,dehydration
urge
  incontinence,osteoporosis
urge incontinence,colitis
urge incontinence,incontinence
urge incontinence,malignant
  neoplasm of prostate
urgency of micturition,diverticulitis
urgency of micturition,edema
  pulmonary
urgency of micturition,insufficiency
  renal
urgency of micturition,pyelonephritis
urinary hesitation,ketoacidosis
  diabetic
urinary hesitation,malignant
  tumor of colon
urinary hesitation,osteomyelitis
urinoma,bacteremia
verbal
  auditory hallucinations,depression
  mental
verbal auditory hallucinations,bipolar
  disorder
verbal auditory hallucinations,manic
  disorder
verbal auditory hallucinations,paranoia
verbal auditory hallucinations,psychotic
  disorder
verbal auditory hallucinations,schizophrenia
verbally abusive behavior,delirium
verbally abusive behavior,delusion
verbally abusive behavior,manic
  disorder
vertigo,diabetes
vertigo,hypertensive
  disease
vertigo,malignant
  neoplasm of prostate
vertigo,osteoporosis
vertigo,transient
  ischemic attack
vision blurred,ketoacidosis
  diabetic
vision blurred,transient
  ischemic attack
vomiting,adhesion
vomiting,bacteremia
vomiting,cholelithiasis
vomiting,chronic
  kidney failure
vomiting,colitis
vomiting,dehydration
vomiting,diabetes
vomiting,diverticulitis
vomiting,gastritis
vomiting,hepatitis
vomiting,hernia
  hiatal
vomiting,hypothyroidism
vomiting,ketoacidosis
  diabetic
vomiting,malignant
  tumor of colon
vomiting,melanoma
vomiting,migraine
  disorders
vomiting,mitral
  valve insufficiency
vomiting,pancreatitis
vomiting,pyelonephritis
vomiting,spasm
  bronchial
vomiting,tachycardia
  sinus
vomiting,thrombus
vomiting,tricuspid
  valve insufficiency
vomiting,ulcer
  peptic
weepiness,anxiety
  state
weepiness,bipolar
  disorder
weepiness,delusion
weepiness,depression
  mental
weepiness,personality
  disorder
weepiness,psychotic
  disorder
weepiness,suicide
  attempt
weight gain,cardiomyopathy
weight gain,hypothyroidism
weight gain,overload
  fluid
weight gain,paroxysmal
  dyspnea
welt,lymphoma
wheelchair bound,Alzheimer's
  disease
wheelchair bound,epilepsy
wheelchair bound,hepatitis
  B
wheezing,asthma
wheezing,bronchitis
wheezing,chronic
  obstructive airway disease
wheezing,edema
  pulmonary
wheezing,embolism
  pulmonary
wheezing,failure
  heart congestive
wheezing,hemorrhoids
wheezing,hyperglycemia
wheezing,obesity
  morbid
wheezing,pneumonia
wheezing,upper
  respiratory infection
withdraw,delirium
withdraw,parkinson
  disease
withdraw,psychotic
  disorder
withdraw,suicide
  attempt
worry,anxiety
  state
worry,bipolar
  disorder
worry,delirium
worry,delusion
worry,depression
  mental
worry,hypercholesterolemia
worry,parkinson
  disease
worry,personality
  disorder
worry,psychotic
  disorder
worry,schizophrenia
worry,suicide
  attempt
yellow
  sputum,pneumonia
yellow sputum,Pneumocystis
  carinii pneumonia
yellow sputum,cardiomyopathy
yellow sputum,chronic
  kidney failure
yellow sputum,embolism
  pulmonary
yellow sputum,hepatitis
  B
